-- phpMyAdmin SQL Dump
-- version 3.5.1
-- http://www.phpmyadmin.net
--
-- Host: localhost
-- Generation Time: Apr 13, 2015 at 04:48 PM
-- Server version: 5.5.24
-- PHP Version: 5.4.3

SET SQL_MODE="NO_AUTO_VALUE_ON_ZERO";
SET time_zone = "+00:00";


/*!40101 SET @OLD_CHARACTER_SET_CLIENT=@@CHARACTER_SET_CLIENT */;
/*!40101 SET @OLD_CHARACTER_SET_RESULTS=@@CHARACTER_SET_RESULTS */;
/*!40101 SET @OLD_COLLATION_CONNECTION=@@COLLATION_CONNECTION */;
/*!40101 SET NAMES utf8 */;

--
-- Database: `asistencias`
--

-- --------------------------------------------------------

--
-- Table structure for table `entrada`
--

CREATE TABLE IF NOT EXISTS `entrada` (
  `Id` int(11) NOT NULL AUTO_INCREMENT,
  `No` int(11) NOT NULL,
  `Name` varchar(30) NOT NULL,
  `Time` datetime NOT NULL,
  PRIMARY KEY (`Id`)
) ENGINE=InnoDB  DEFAULT CHARSET=latin1 AUTO_INCREMENT=141 ;

--
-- Dumping data for table `entrada`
--

INSERT INTO `entrada` (`Id`, `No`, `Name`, `Time`) VALUES
(13, 6105, '6105', '2015-04-06 08:43:09'),
(14, 6122, '6122', '2015-04-06 08:46:04'),
(15, 6126, '6126', '2015-04-06 09:08:03'),
(16, 6113, '6113', '2015-04-06 09:08:02'),
(17, 6117, '6117', '2015-04-06 09:22:09'),
(18, 6111, '6111', '2015-04-06 09:24:05'),
(19, 6120, '6120', '2015-04-06 09:30:08'),
(20, 6113, '6113', '2015-04-06 09:30:00'),
(21, 6121, '6121', '2015-04-06 09:31:00'),
(22, 6106, '6106', '2015-04-06 10:04:06'),
(23, 6125, '6125', '2015-04-06 10:06:09'),
(24, 6118, '6118', '2015-04-06 10:24:09'),
(25, 6126, '6126', '2015-04-06 19:59:04'),
(26, 6117, '6117', '2015-04-06 19:03:04'),
(27, 6125, '6125', '2015-04-06 19:42:09'),
(28, 6122, '6122', '2015-04-06 19:43:06'),
(29, 6106, '6106', '2015-04-06 19:53:00'),
(30, 6105, '6105', '2015-04-06 20:00:07'),
(31, 6100, '6100', '2015-04-07 08:12:00'),
(32, 6126, '6126', '2015-04-07 09:00:07'),
(33, 6120, '6120', '2015-04-07 09:04:03'),
(34, 6105, '6105', '2015-04-07 09:08:04'),
(35, 6125, '6125', '2015-04-07 09:14:05'),
(36, 6121, '6121', '2015-04-07 09:15:06'),
(37, 6104, '6104', '2015-04-07 09:22:06'),
(38, 6113, '6113', '2015-04-07 09:24:08'),
(39, 6110, '6110', '2015-04-07 09:24:01'),
(40, 6111, '6111', '2015-04-07 09:24:01'),
(41, 6118, '6118', '2015-04-07 10:22:08'),
(42, 6106, '6106', '2015-04-07 11:04:01'),
(43, 6117, '6117', '2015-04-07 11:05:07'),
(44, 6122, '6122', '2015-04-07 11:16:02'),
(45, 6108, '6108', '2015-04-07 12:22:08'),
(46, 6101, '6101', '2015-04-07 15:25:08'),
(47, 6100, '6100', '2015-04-07 16:59:05'),
(48, 6126, '6126', '2015-04-07 18:34:01'),
(49, 6104, '6104', '2015-04-07 18:48:00'),
(50, 6122, '6122', '2015-04-07 19:03:04'),
(51, 6120, '6120', '2015-04-07 19:17:02'),
(52, 6110, '6110', '2015-04-07 19:18:07'),
(53, 6118, '6118', '2015-04-07 19:18:03'),
(54, 6106, '6106', '2015-04-07 19:20:00'),
(55, 6119, '6119', '2015-04-07 09:21:01'),
(56, 6119, '6119', '2015-04-07 19:21:02'),
(57, 6125, '6125', '2015-04-07 19:24:08'),
(58, 6117, '6117', '2015-04-07 19:25:08'),
(59, 6100, '6100', '2015-04-08 08:16:02'),
(60, 6105, '6105', '2015-04-08 08:54:02'),
(61, 6122, '6122', '2015-04-08 08:55:01'),
(62, 6126, '6126', '2015-04-08 09:00:00'),
(63, 6113, '6113', '2015-04-08 09:10:02'),
(64, 6120, '6120', '2015-04-08 09:13:04'),
(65, 6111, '6111', '2015-04-08 09:13:00'),
(66, 6108, '6108', '2015-04-08 09:13:05'),
(67, 6112, '6112', '2015-04-08 09:18:08'),
(68, 6110, '6110', '2015-04-08 09:18:02'),
(69, 6117, '6117', '2015-04-08 09:26:03'),
(70, 6121, '6121', '2015-04-08 09:28:09'),
(71, 6125, '6125', '2015-04-08 09:31:02'),
(72, 6112, '6112', '2015-04-08 09:40:06'),
(73, 6106, '6106', '2015-04-08 09:57:03'),
(74, 6119, '6119', '2015-04-08 10:06:02'),
(75, 6124, '6124', '2015-04-08 10:09:00'),
(76, 6118, '6118', '2015-04-08 10:23:08'),
(77, 6125, '6125', '2015-04-08 18:33:49'),
(78, 6105, '6105', '2015-04-08 18:33:53'),
(79, 6122, '6122', '2015-04-08 18:34:01'),
(80, 6117, '6117', '2015-04-08 19:06:29'),
(81, 6124, '6124', '2015-04-08 19:15:14'),
(82, 6121, '6121', '2015-04-08 19:15:19'),
(83, 1, '1', '2015-04-08 19:15:23'),
(84, 6106, '6106', '2015-04-08 19:15:28'),
(85, 6106, '6106', '2015-04-08 19:15:31'),
(86, 6100, '6100', '2015-04-09 08:13:23'),
(87, 6122, '6122', '2015-04-09 08:54:27'),
(88, 6126, '6126', '2015-04-09 09:06:12'),
(89, 6111, '6111', '2015-04-09 09:07:21'),
(90, 6110, '6110', '2015-04-09 09:13:10'),
(91, 6113, '6113', '2015-04-09 09:19:31'),
(92, 6117, '6117', '2015-04-09 09:22:02'),
(93, 6121, '6121', '2015-04-09 09:22:56'),
(94, 6121, '6121', '2015-04-09 09:22:58'),
(95, 6105, '6105', '2015-04-09 09:23:24'),
(96, 6110, '6110', '2015-04-09 09:23:36'),
(97, 6108, '6108', '2015-04-09 09:24:03'),
(98, 6120, '6120', '2015-04-09 09:27:23'),
(99, 6125, '6125', '2015-04-09 09:29:31'),
(100, 6104, '6104', '2015-04-09 09:32:26'),
(101, 6124, '6124', '2015-04-09 09:54:41'),
(102, 6119, '6119', '2015-04-09 10:11:53'),
(103, 6106, '6106', '2015-04-09 10:13:49'),
(104, 6118, '6118', '2015-04-09 10:18:41'),
(105, 6104, '6104', '2015-04-09 15:04:26'),
(106, 6126, '6126', '2015-04-09 17:59:32'),
(107, 6117, '6117', '2015-04-09 19:01:06'),
(108, 6119, '6119', '2015-04-09 19:23:06'),
(109, 6106, '6106', '2015-04-09 19:23:44'),
(110, 6105, '6105', '2015-04-09 20:41:31'),
(111, 6124, '6124', '2015-04-09 21:40:28'),
(112, 6125, '6125', '2015-04-09 21:40:35'),
(113, 6104, '6104', '2015-04-09 21:45:58'),
(114, 6121, '6121', '2015-04-10 12:54:50'),
(115, 6100, '6100', '2015-04-10 08:16:58'),
(116, 6122, '6122', '2015-04-10 08:48:33'),
(117, 6120, '6120', '2015-04-10 09:01:41'),
(118, 6126, '6126', '2015-04-10 09:02:09'),
(119, 6108, '6108', '2015-04-10 09:18:23'),
(120, 6113, '6113', '2015-04-10 09:18:28'),
(121, 6125, '6125', '2015-04-10 09:29:20'),
(122, 6111, '6111', '2015-04-10 09:31:12'),
(123, 6117, '6117', '2015-04-10 09:31:51'),
(124, 6105, '6105', '2015-04-10 09:32:32'),
(125, 6110, '6110', '2015-04-10 09:32:42'),
(126, 6104, '6104', '2015-04-10 09:51:06'),
(127, 6121, '6121', '2015-04-10 10:00:27'),
(128, 6121, '6121', '2015-04-10 10:00:41'),
(129, 6119, '6119', '2015-04-10 10:14:08'),
(130, 6118, '6118', '2015-04-10 10:24:44'),
(131, 6106, '6106', '2015-04-10 10:29:10'),
(132, 6100, '6100', '2015-04-10 17:10:25'),
(133, 6126, '6126', '2015-04-10 18:02:10'),
(134, 6120, '6120', '2015-04-10 18:51:16'),
(135, 6104, '6104', '2015-04-10 19:48:31'),
(136, 6105, '6105', '2015-04-10 20:07:37'),
(137, 6106, '6106', '2015-04-10 20:50:01'),
(138, 6125, '6125', '2015-04-10 21:00:42'),
(139, 6122, '6122', '2015-04-10 21:02:09'),
(140, 6122, '6122', '2015-04-10 21:02:11');

-- --------------------------------------------------------

--
-- Table structure for table `etapas`
--

CREATE TABLE IF NOT EXISTS `etapas` (
  `id` int(10) unsigned NOT NULL AUTO_INCREMENT,
  `fechaInicio` datetime NOT NULL,
  `fechaFin` datetime NOT NULL,
  `nombre` varchar(100) NOT NULL,
  `premio` varchar(150) NOT NULL,
  `fotoPremio` varchar(250) NOT NULL,
  PRIMARY KEY (`id`)
) ENGINE=MyISAM  DEFAULT CHARSET=latin1 AUTO_INCREMENT=4 ;

--
-- Dumping data for table `etapas`
--

INSERT INTO `etapas` (`id`, `fechaInicio`, `fechaFin`, `nombre`, `premio`, `fotoPremio`) VALUES
(1, '2015-04-06 00:00:00', '2015-12-31 00:00:00', 'Entradas generales', '-', ''),
(2, '2015-04-06 00:00:00', '2015-12-31 00:00:00', 'Entradas individuales', '-', '');

-- --------------------------------------------------------

--
-- Table structure for table `grupos`
--

CREATE TABLE IF NOT EXISTS `grupos` (
  `id` int(10) unsigned NOT NULL AUTO_INCREMENT,
  `idEtapa` int(10) unsigned NOT NULL,
  `nombre` varchar(150) NOT NULL,
  PRIMARY KEY (`id`),
  KEY `idEtapa` (`idEtapa`)
) ENGINE=MyISAM  DEFAULT CHARSET=latin1 AUTO_INCREMENT=34 ;

--
-- Dumping data for table `grupos`
--

INSERT INTO `grupos` (`id`, `idEtapa`, `nombre`) VALUES
(1, 1, 'Grupo 1'),
(2, 1, 'Grupo 2'),
(3, 1, 'Grupo 3'),
(4, 1, 'Grupo 4'),
(5, 1, 'Grupo 5'),
(6, 1, 'Grupo 6'),
(7, 2, 'INDIVIDUAL 6100'),
(8, 2, 'INDIVIDUAL 6101'),
(9, 2, 'INDIVIDUAL 6102'),
(10, 2, 'INDIVIDUAL 6103'),
(11, 2, 'INDIVIDUAL 6104'),
(12, 2, 'INDIVIDUAL 6105'),
(13, 2, 'INDIVIDUAL 6106'),
(14, 2, 'INDIVIDUAL 6108'),
(15, 2, 'INDIVIDUAL 6109'),
(16, 2, 'INDIVIDUAL 6110'),
(17, 2, 'INDIVIDUAL 6111'),
(18, 2, 'INDIVIDUAL 6112'),
(19, 2, 'INDIVIDUAL 6113'),
(20, 2, 'INDIVIDUAL 6115'),
(21, 2, 'INDIVIDUAL 6116'),
(22, 2, 'INDIVIDUAL 6117'),
(23, 2, 'INDIVIDUAL 6118'),
(24, 2, 'INDIVIDUAL 6119'),
(25, 2, 'INDIVIDUAL 6120'),
(26, 2, 'INDIVIDUAL 6121'),
(27, 2, 'INDIVIDUAL 6122'),
(28, 2, 'INDIVIDUAL 6123'),
(29, 2, 'INDIVIDUAL 6124'),
(33, 2, 'INDIVIDUAL 6126'),
(32, 2, 'INDIVIDUAL 6125');

-- --------------------------------------------------------

--
-- Table structure for table `gruposetapasusuarios`
--

CREATE TABLE IF NOT EXISTS `gruposetapasusuarios` (
  `id` int(10) unsigned NOT NULL AUTO_INCREMENT,
  `idEtapa` int(10) unsigned NOT NULL,
  `idGrupo` int(10) unsigned NOT NULL,
  `idUsuario` int(10) unsigned NOT NULL,
  PRIMARY KEY (`id`),
  KEY `idEtapa` (`idEtapa`),
  KEY `idGrupo` (`idGrupo`),
  KEY `idUsuario` (`idUsuario`),
  KEY `etapa_gpo` (`idEtapa`,`idGrupo`),
  KEY `etapa_usu` (`idEtapa`,`idUsuario`),
  KEY `gpo_usu` (`idGrupo`,`idUsuario`),
  KEY `etapa_gpo_usu` (`idEtapa`,`idGrupo`,`idUsuario`)
) ENGINE=MyISAM  DEFAULT CHARSET=latin1 AUTO_INCREMENT=108 ;

--
-- Dumping data for table `gruposetapasusuarios`
--

INSERT INTO `gruposetapasusuarios` (`id`, `idEtapa`, `idGrupo`, `idUsuario`) VALUES
(97, 1, 1, 6120),
(2, 1, 2, 6101),
(3, 1, 3, 6102),
(4, 1, 4, 6103),
(5, 1, 5, 6104),
(6, 1, 6, 6105),
(95, 1, 1, 6113),
(8, 1, 2, 6108),
(105, 1, 3, 6126),
(10, 1, 4, 6110),
(11, 1, 5, 6111),
(12, 1, 6, 6112),
(98, 1, 1, 6106),
(104, 1, 2, 6125),
(15, 1, 3, 6116),
(16, 1, 4, 6117),
(17, 1, 5, 6118),
(18, 1, 6, 6119),
(96, 1, 1, 6100),
(20, 1, 2, 6121),
(21, 1, 3, 6122),
(106, 2, 32, 6125),
(23, 1, 5, 6124),
(24, 2, 7, 6100),
(25, 2, 8, 6101),
(26, 2, 9, 6102),
(27, 2, 10, 6103),
(28, 2, 11, 6104),
(29, 2, 12, 6105),
(30, 2, 13, 6106),
(31, 2, 14, 6108),
(32, 2, 15, 6109),
(33, 2, 16, 6110),
(34, 2, 17, 6111),
(35, 2, 18, 6112),
(103, 2, 19, 6113),
(37, 2, 20, 6115),
(38, 2, 21, 6116),
(39, 2, 22, 6117),
(40, 2, 23, 6118),
(41, 2, 24, 6119),
(42, 2, 25, 6120),
(43, 2, 26, 6121),
(44, 2, 27, 6122),
(45, 2, 28, 6123),
(46, 2, 29, 6124),
(107, 2, 33, 6126);

-- --------------------------------------------------------

--
-- Table structure for table `horarios`
--

CREATE TABLE IF NOT EXISTS `horarios` (
  `id` int(10) unsigned NOT NULL AUTO_INCREMENT,
  `nombre` varchar(100) NOT NULL,
  `hora` time NOT NULL,
  PRIMARY KEY (`id`)
) ENGINE=MyISAM  DEFAULT CHARSET=latin1 AUTO_INCREMENT=3 ;

--
-- Dumping data for table `horarios`
--

INSERT INTO `horarios` (`id`, `nombre`, `hora`) VALUES
(1, 'ENTRA 9:30 AM', '09:30:00'),
(2, 'ENTRA 10:30 AM', '10:30:00');

-- --------------------------------------------------------

--
-- Table structure for table `horariosreglas`
--

CREATE TABLE IF NOT EXISTS `horariosreglas` (
  `id` int(10) unsigned NOT NULL AUTO_INCREMENT,
  `idHorario` int(10) unsigned NOT NULL,
  `horaInicio` time NOT NULL,
  `horaFin` time NOT NULL,
  `multa` double NOT NULL,
  PRIMARY KEY (`id`),
  KEY `idHorario` (`idHorario`)
) ENGINE=MyISAM  DEFAULT CHARSET=latin1 AUTO_INCREMENT=13 ;

--
-- Dumping data for table `horariosreglas`
--

INSERT INTO `horariosreglas` (`id`, `idHorario`, `horaInicio`, `horaFin`, `multa`) VALUES
(1, 1, '00:00:00', '09:30:00', 0),
(2, 1, '09:30:00', '09:45:00', 1),
(3, 1, '09:45:00', '10:00:00', 1.5),
(4, 1, '10:00:00', '10:30:00', 2),
(5, 1, '10:30:00', '11:00:00', 2.5),
(6, 1, '11:00:00', '23:59:59', 3),
(7, 2, '00:00:00', '10:30:00', 0),
(8, 2, '10:30:00', '10:45:00', 1),
(9, 2, '10:45:00', '11:00:00', 1.5),
(10, 2, '11:00:00', '11:30:00', 2),
(11, 2, '11:30:00', '12:00:00', 2.5),
(12, 2, '12:00:00', '23:59:59', 3);

-- --------------------------------------------------------

--
-- Table structure for table `llegadas`
--

CREATE TABLE IF NOT EXISTS `llegadas` (
  `id` int(10) unsigned NOT NULL AUTO_INCREMENT,
  `idEtapa` int(10) unsigned NOT NULL,
  `idGrupo` int(10) unsigned NOT NULL,
  `idUsuario` int(10) unsigned NOT NULL,
  `idHorario` int(10) unsigned NOT NULL,
  `hrLlegada` timestamp NULL DEFAULT '0000-00-00 00:00:00',
  `permiso` tinyint(3) unsigned NOT NULL,
  `multa` double NOT NULL,
  `diferenciaMin` time NOT NULL,
  `acumuladoTiempo` time NOT NULL,
  `ultActualizacion` timestamp NOT NULL DEFAULT CURRENT_TIMESTAMP ON UPDATE CURRENT_TIMESTAMP,
  PRIMARY KEY (`id`),
  KEY `idEtapa` (`idEtapa`),
  KEY `idGrupo` (`idGrupo`),
  KEY `idUsuario` (`idUsuario`),
  KEY `idHorario` (`idHorario`),
  KEY `etapa_gpo` (`idEtapa`,`idGrupo`),
  KEY `etapa_usu` (`idEtapa`,`idUsuario`),
  KEY `usu_horario` (`idUsuario`,`idHorario`)
) ENGINE=MyISAM  DEFAULT CHARSET=latin1 AUTO_INCREMENT=209 ;

--
-- Dumping data for table `llegadas`
--

INSERT INTO `llegadas` (`id`, `idEtapa`, `idGrupo`, `idUsuario`, `idHorario`, `hrLlegada`, `permiso`, `multa`, `diferenciaMin`, `acumuladoTiempo`, `ultActualizacion`) VALUES
(1, 1, 6, 6105, 1, '2015-04-06 13:43:09', 0, 0, '00:00:00', '00:00:00', '2015-04-09 23:21:43'),
(2, 2, 12, 6105, 1, '2015-04-06 13:43:09', 0, 0, '00:00:00', '00:00:00', '2015-04-09 23:21:43'),
(3, 1, 3, 6122, 1, '2015-04-06 13:46:04', 0, 0, '00:00:00', '00:00:00', '2015-04-09 23:21:43'),
(4, 2, 27, 6122, 1, '2015-04-06 13:46:04', 0, 0, '00:00:00', '00:00:00', '2015-04-09 23:21:43'),
(5, 1, 3, 6126, 1, '2015-04-06 14:08:03', 0, 0, '00:00:00', '00:00:00', '2015-04-09 23:21:43'),
(6, 2, 33, 6126, 1, '2015-04-06 14:08:03', 0, 0, '00:00:00', '00:00:00', '2015-04-09 23:21:43'),
(7, 1, 1, 6113, 1, '2015-04-06 14:08:02', 0, 0, '00:00:00', '00:00:00', '2015-04-09 23:21:43'),
(8, 2, 19, 6113, 1, '2015-04-06 14:08:02', 0, 0, '00:00:00', '00:00:00', '2015-04-09 23:21:43'),
(9, 1, 4, 6117, 1, '2015-04-06 14:22:09', 0, 0, '00:00:00', '00:00:00', '2015-04-09 23:21:43'),
(10, 2, 22, 6117, 1, '2015-04-06 14:22:09', 0, 0, '00:00:00', '00:00:00', '2015-04-09 23:21:43'),
(11, 1, 5, 6111, 1, '2015-04-06 14:24:05', 0, 0, '00:00:00', '00:00:00', '2015-04-09 23:21:43'),
(12, 2, 17, 6111, 1, '2015-04-06 14:24:05', 0, 0, '00:00:00', '00:00:00', '2015-04-09 23:21:43'),
(13, 1, 1, 6120, 1, '2015-04-06 14:30:08', 0, 0, '00:00:08', '00:00:00', '2015-04-09 23:21:43'),
(14, 2, 25, 6120, 1, '2015-04-06 14:30:08', 0, 0, '00:00:08', '00:00:00', '2015-04-09 23:21:43'),
(15, 1, 2, 6121, 1, '2015-04-06 14:31:00', 0, 1, '00:01:00', '00:00:00', '2015-04-09 23:21:43'),
(16, 2, 26, 6121, 1, '2015-04-06 14:31:00', 0, 1, '00:01:00', '00:00:00', '2015-04-09 23:21:43'),
(17, 1, 1, 6106, 2, '2015-04-06 15:04:06', 0, 0, '00:00:00', '00:00:00', '2015-04-09 23:21:43'),
(18, 2, 13, 6106, 2, '2015-04-06 15:04:06', 0, 0, '00:00:00', '00:00:00', '2015-04-09 23:21:43'),
(19, 1, 2, 6125, 1, '2015-04-06 15:06:09', 0, 72, '00:36:09', '00:00:00', '2015-04-09 23:21:43'),
(20, 2, 32, 6125, 1, '2015-04-06 15:06:09', 0, 72, '00:36:09', '00:00:00', '2015-04-09 23:21:43'),
(21, 1, 5, 6118, 2, '2015-04-06 15:24:09', 0, 0, '00:00:00', '00:00:00', '2015-04-09 23:21:43'),
(22, 2, 23, 6118, 2, '2015-04-06 15:24:09', 0, 0, '00:00:00', '00:00:00', '2015-04-09 23:21:43'),
(23, 1, 1, 6100, 1, '2015-04-07 13:12:00', 0, 0, '00:00:00', '00:00:00', '2015-04-09 23:21:43'),
(24, 2, 7, 6100, 1, '2015-04-07 13:12:00', 0, 0, '00:00:00', '00:00:00', '2015-04-09 23:21:43'),
(25, 1, 3, 6126, 1, '2015-04-07 14:00:07', 0, 0, '00:00:00', '00:00:00', '2015-04-09 23:21:43'),
(26, 2, 33, 6126, 1, '2015-04-07 14:00:07', 0, 0, '00:00:00', '00:00:00', '2015-04-09 23:21:43'),
(27, 1, 1, 6120, 1, '2015-04-07 14:04:03', 0, 0, '00:00:00', '00:00:00', '2015-04-09 23:21:43'),
(28, 2, 25, 6120, 1, '2015-04-07 14:04:03', 0, 0, '00:00:00', '00:00:00', '2015-04-09 23:21:43'),
(29, 1, 6, 6105, 1, '2015-04-07 14:08:04', 0, 0, '00:00:00', '00:00:00', '2015-04-09 23:21:43'),
(30, 2, 12, 6105, 1, '2015-04-07 14:08:04', 0, 0, '00:00:00', '00:00:00', '2015-04-09 23:21:43'),
(31, 1, 2, 6125, 1, '2015-04-07 14:14:05', 0, 0, '00:00:00', '00:00:00', '2015-04-09 23:21:43'),
(32, 2, 32, 6125, 1, '2015-04-07 14:14:05', 0, 0, '00:00:00', '00:00:00', '2015-04-09 23:21:43'),
(33, 1, 2, 6121, 1, '2015-04-07 14:15:06', 0, 0, '00:00:00', '00:00:00', '2015-04-09 23:21:43'),
(34, 2, 26, 6121, 1, '2015-04-07 14:15:06', 0, 0, '00:00:00', '00:00:00', '2015-04-09 23:21:43'),
(35, 1, 5, 6104, 1, '2015-04-07 14:22:06', 0, 0, '00:00:00', '00:00:00', '2015-04-09 23:21:43'),
(36, 2, 11, 6104, 1, '2015-04-07 14:22:06', 0, 0, '00:00:00', '00:00:00', '2015-04-09 23:21:43'),
(37, 1, 1, 6113, 1, '2015-04-07 14:24:08', 0, 0, '00:00:00', '00:00:00', '2015-04-09 23:21:43'),
(38, 2, 19, 6113, 1, '2015-04-07 14:24:08', 0, 0, '00:00:00', '00:00:00', '2015-04-09 23:21:43'),
(39, 1, 4, 6110, 1, '2015-04-07 14:24:01', 0, 0, '00:00:00', '00:00:00', '2015-04-09 23:21:43'),
(40, 2, 16, 6110, 1, '2015-04-07 14:24:01', 0, 0, '00:00:00', '00:00:00', '2015-04-09 23:21:43'),
(41, 1, 5, 6111, 1, '2015-04-07 14:24:01', 0, 0, '00:00:00', '00:00:00', '2015-04-09 23:21:43'),
(42, 2, 17, 6111, 1, '2015-04-07 14:24:01', 0, 0, '00:00:00', '00:00:00', '2015-04-09 23:21:43'),
(43, 1, 5, 6118, 2, '2015-04-07 15:22:08', 0, 0, '00:00:00', '00:00:00', '2015-04-09 23:21:43'),
(44, 2, 23, 6118, 2, '2015-04-07 15:22:08', 0, 0, '00:00:00', '00:00:00', '2015-04-09 23:21:43'),
(45, 1, 1, 6106, 2, '2015-04-07 16:04:01', 0, 68, '00:34:01', '00:00:00', '2015-04-09 23:21:43'),
(46, 2, 13, 6106, 2, '2015-04-07 16:04:01', 0, 68, '00:34:01', '00:00:00', '2015-04-09 23:21:43'),
(47, 1, 4, 6117, 1, '2015-04-07 16:05:07', 0, 285, '01:35:07', '00:00:00', '2015-04-09 23:21:43'),
(48, 2, 22, 6117, 1, '2015-04-07 16:05:07', 0, 285, '01:35:07', '00:00:00', '2015-04-09 23:21:43'),
(49, 1, 3, 6122, 1, '2015-04-07 16:16:02', 0, 318, '01:46:02', '00:00:00', '2015-04-09 23:21:43'),
(50, 2, 27, 6122, 1, '2015-04-07 16:16:02', 0, 318, '01:46:02', '00:00:00', '2015-04-09 23:21:43'),
(51, 1, 2, 6108, 1, '2015-04-07 17:22:08', 12, 0, '00:00:00', '00:00:00', '2015-04-09 23:21:43'),
(52, 2, 14, 6108, 1, '2015-04-07 17:22:08', 12, 0, '00:00:00', '00:00:00', '2015-04-09 23:21:43'),
(53, 1, 2, 6101, 1, '2015-04-07 20:25:08', 0, 1065, '05:55:08', '00:00:00', '2015-04-09 23:21:43'),
(54, 2, 8, 6101, 1, '2015-04-07 20:25:08', 0, 1065, '05:55:08', '00:00:00', '2015-04-09 23:21:43'),
(55, 1, 6, 6119, 1, '2015-04-07 14:21:01', 0, 0, '00:00:00', '00:00:00', '2015-04-09 23:21:43'),
(56, 2, 24, 6119, 1, '2015-04-07 14:21:01', 0, 0, '00:00:00', '00:00:00', '2015-04-09 23:21:43'),
(57, 1, 1, 6100, 1, '2015-04-08 13:16:02', 0, 0, '00:00:00', '00:00:00', '2015-04-09 23:21:43'),
(58, 2, 7, 6100, 1, '2015-04-08 13:16:02', 0, 0, '00:00:00', '00:00:00', '2015-04-09 23:21:43'),
(59, 1, 6, 6105, 1, '2015-04-08 13:54:02', 0, 0, '00:00:00', '00:00:00', '2015-04-09 23:21:43'),
(60, 2, 12, 6105, 1, '2015-04-08 13:54:02', 0, 0, '00:00:00', '00:00:00', '2015-04-09 23:21:43'),
(61, 1, 3, 6122, 1, '2015-04-08 13:55:01', 0, 0, '00:00:00', '00:00:00', '2015-04-09 23:21:43'),
(62, 2, 27, 6122, 1, '2015-04-08 13:55:01', 0, 0, '00:00:00', '00:00:00', '2015-04-09 23:21:43'),
(63, 1, 3, 6126, 1, '2015-04-08 14:00:00', 0, 0, '00:00:00', '00:00:00', '2015-04-09 23:21:43'),
(64, 2, 33, 6126, 1, '2015-04-08 14:00:00', 0, 0, '00:00:00', '00:00:00', '2015-04-09 23:21:43'),
(65, 1, 1, 6113, 1, '2015-04-08 14:10:02', 0, 0, '00:00:00', '00:00:00', '2015-04-09 23:21:43'),
(66, 2, 19, 6113, 1, '2015-04-08 14:10:02', 0, 0, '00:00:00', '00:00:00', '2015-04-09 23:21:43'),
(67, 1, 1, 6120, 1, '2015-04-08 14:13:04', 0, 0, '00:00:00', '00:00:00', '2015-04-09 23:21:43'),
(68, 2, 25, 6120, 1, '2015-04-08 14:13:04', 0, 0, '00:00:00', '00:00:00', '2015-04-09 23:21:43'),
(69, 1, 5, 6111, 1, '2015-04-08 14:13:00', 0, 0, '00:00:00', '00:00:00', '2015-04-09 23:21:43'),
(70, 2, 17, 6111, 1, '2015-04-08 14:13:00', 0, 0, '00:00:00', '00:00:00', '2015-04-09 23:21:43'),
(71, 1, 2, 6108, 1, '2015-04-08 14:13:05', 0, 0, '00:00:00', '00:00:00', '2015-04-09 23:21:43'),
(72, 2, 14, 6108, 1, '2015-04-08 14:13:05', 0, 0, '00:00:00', '00:00:00', '2015-04-09 23:21:43'),
(73, 1, 6, 6112, 1, '2015-04-08 14:18:08', 0, 0, '00:00:00', '00:00:00', '2015-04-09 23:21:43'),
(74, 2, 18, 6112, 1, '2015-04-08 14:18:08', 0, 0, '00:00:00', '00:00:00', '2015-04-09 23:21:43'),
(75, 1, 4, 6110, 1, '2015-04-08 14:18:02', 0, 0, '00:00:00', '00:00:00', '2015-04-09 23:21:43'),
(76, 2, 16, 6110, 1, '2015-04-08 14:18:02', 0, 0, '00:00:00', '00:00:00', '2015-04-09 23:21:43'),
(77, 1, 4, 6117, 1, '2015-04-08 14:26:03', 0, 0, '00:00:00', '00:00:00', '2015-04-09 23:21:43'),
(78, 2, 22, 6117, 1, '2015-04-08 14:26:03', 0, 0, '00:00:00', '00:00:00', '2015-04-09 23:21:43'),
(79, 1, 2, 6121, 1, '2015-04-08 14:28:09', 0, 0, '00:00:00', '00:00:00', '2015-04-09 23:21:43'),
(80, 2, 26, 6121, 1, '2015-04-08 14:28:09', 0, 0, '00:00:00', '00:00:00', '2015-04-09 23:21:43'),
(81, 1, 2, 6125, 1, '2015-04-08 14:31:02', 0, 1, '00:01:02', '00:00:00', '2015-04-09 23:21:43'),
(82, 2, 32, 6125, 1, '2015-04-08 14:31:02', 0, 1, '00:01:02', '00:00:00', '2015-04-09 23:21:43'),
(83, 1, 1, 6106, 2, '2015-04-08 14:57:03', 0, 0, '00:00:00', '00:00:00', '2015-04-09 23:21:43'),
(84, 2, 13, 6106, 2, '2015-04-08 14:57:03', 0, 0, '00:00:00', '00:00:00', '2015-04-09 23:21:43'),
(85, 1, 6, 6119, 1, '2015-04-08 15:06:02', 0, 72, '00:36:02', '00:00:00', '2015-04-09 23:21:43'),
(86, 2, 24, 6119, 1, '2015-04-08 15:06:02', 0, 72, '00:36:02', '00:00:00', '2015-04-09 23:21:43'),
(87, 1, 5, 6124, 1, '2015-04-08 15:09:00', 0, 78, '00:39:00', '00:00:00', '2015-04-09 23:21:43'),
(88, 2, 29, 6124, 1, '2015-04-08 15:09:00', 0, 78, '00:39:00', '00:00:00', '2015-04-09 23:21:43'),
(89, 1, 5, 6118, 2, '2015-04-08 15:23:08', 0, 0, '00:00:00', '00:00:00', '2015-04-09 23:21:43'),
(90, 2, 23, 6118, 2, '2015-04-08 15:23:08', 0, 0, '00:00:00', '00:00:00', '2015-04-09 23:21:43'),
(91, 1, 1, 6100, 1, '2015-04-06 17:30:00', 13, 0, '00:00:00', '00:00:00', '2015-04-09 23:21:43'),
(92, 2, 7, 6100, 1, '2015-04-06 17:30:00', 13, 0, '00:00:00', '00:00:00', '2015-04-09 23:21:43'),
(93, 1, 2, 6101, 1, '2015-04-06 17:30:00', 0, 540, '03:00:00', '00:00:00', '2015-04-09 23:21:43'),
(94, 2, 8, 6101, 1, '2015-04-06 17:30:00', 0, 540, '03:00:00', '00:00:00', '2015-04-09 23:21:43'),
(95, 1, 2, 6101, 1, '2015-04-08 17:30:00', 0, 540, '03:00:00', '00:00:00', '2015-04-09 23:21:43'),
(96, 2, 8, 6101, 1, '2015-04-08 17:30:00', 0, 540, '03:00:00', '00:00:00', '2015-04-09 23:21:43'),
(97, 1, 3, 6102, 1, '2015-04-06 17:30:00', 0, 540, '03:00:00', '00:00:00', '2015-04-09 23:21:43'),
(98, 2, 9, 6102, 1, '2015-04-06 17:30:00', 0, 540, '03:00:00', '00:00:00', '2015-04-09 23:21:43'),
(99, 1, 3, 6102, 1, '2015-04-07 17:30:00', 0, 540, '03:00:00', '00:00:00', '2015-04-09 23:21:43'),
(100, 2, 9, 6102, 1, '2015-04-07 17:30:00', 0, 540, '03:00:00', '00:00:00', '2015-04-09 23:21:43'),
(101, 1, 3, 6102, 1, '2015-04-08 17:30:00', 0, 540, '03:00:00', '00:00:00', '2015-04-09 23:21:43'),
(102, 2, 9, 6102, 1, '2015-04-08 17:30:00', 0, 540, '03:00:00', '00:00:00', '2015-04-09 23:21:43'),
(103, 1, 4, 6103, 1, '2015-04-06 17:30:00', 0, 540, '03:00:00', '00:00:00', '2015-04-09 23:21:43'),
(104, 2, 10, 6103, 1, '2015-04-06 17:30:00', 0, 540, '03:00:00', '00:00:00', '2015-04-09 23:21:43'),
(105, 1, 4, 6103, 1, '2015-04-07 17:30:00', 0, 540, '03:00:00', '00:00:00', '2015-04-09 23:21:43'),
(106, 2, 10, 6103, 1, '2015-04-07 17:30:00', 0, 540, '03:00:00', '00:00:00', '2015-04-09 23:21:43'),
(107, 1, 4, 6103, 1, '2015-04-08 17:30:00', 0, 540, '03:00:00', '00:00:00', '2015-04-09 23:21:43'),
(108, 2, 10, 6103, 1, '2015-04-08 17:30:00', 0, 540, '03:00:00', '00:00:00', '2015-04-09 23:21:43'),
(109, 1, 5, 6104, 1, '2015-04-06 17:30:00', 14, 0, '00:00:00', '00:00:00', '2015-04-09 23:21:43'),
(110, 2, 11, 6104, 1, '2015-04-06 17:30:00', 14, 0, '00:00:00', '00:00:00', '2015-04-09 23:21:43'),
(111, 1, 5, 6104, 1, '2015-04-08 17:30:00', 15, 0, '00:00:00', '00:00:00', '2015-04-09 23:21:43'),
(112, 2, 11, 6104, 1, '2015-04-08 17:30:00', 15, 0, '00:00:00', '00:00:00', '2015-04-09 23:21:43'),
(113, 1, 4, 6110, 1, '2015-04-06 17:30:00', 0, 540, '03:00:00', '00:00:00', '2015-04-09 23:21:43'),
(114, 2, 16, 6110, 1, '2015-04-06 17:30:00', 0, 540, '03:00:00', '00:00:00', '2015-04-09 23:21:43'),
(115, 1, 6, 6112, 1, '2015-04-06 17:30:00', 16, 0, '00:00:00', '00:00:00', '2015-04-09 23:21:43'),
(116, 2, 18, 6112, 1, '2015-04-06 17:30:00', 16, 0, '00:00:00', '00:00:00', '2015-04-09 23:21:43'),
(117, 1, 6, 6112, 1, '2015-04-07 17:30:00', 17, 0, '00:00:00', '00:00:00', '2015-04-09 23:21:43'),
(118, 2, 18, 6112, 1, '2015-04-07 17:30:00', 17, 0, '00:00:00', '00:00:00', '2015-04-09 23:21:43'),
(119, 1, 6, 6119, 1, '2015-04-06 17:30:00', 18, 0, '00:00:00', '00:00:00', '2015-04-09 23:21:43'),
(120, 2, 24, 6119, 1, '2015-04-06 17:30:00', 18, 0, '00:00:00', '00:00:00', '2015-04-09 23:21:43'),
(121, 1, 5, 6124, 1, '2015-04-06 17:30:00', 19, 0, '00:00:00', '00:00:00', '2015-04-09 23:21:43'),
(122, 2, 29, 6124, 1, '2015-04-06 17:30:00', 19, 0, '00:00:00', '00:00:00', '2015-04-09 23:21:43'),
(123, 1, 5, 6124, 1, '2015-04-07 17:30:00', 20, 0, '00:00:00', '00:00:00', '2015-04-09 23:21:43'),
(124, 2, 29, 6124, 1, '2015-04-07 17:30:00', 20, 0, '00:00:00', '00:00:00', '2015-04-09 23:21:43'),
(125, 1, 1, 6100, 1, '2015-04-09 13:13:23', 0, 0, '00:00:00', '00:00:00', '2015-04-10 00:12:56'),
(126, 2, 7, 6100, 1, '2015-04-09 13:13:23', 0, 0, '00:00:00', '00:00:00', '2015-04-10 00:12:56'),
(127, 1, 3, 6122, 1, '2015-04-09 13:54:27', 0, 0, '00:00:00', '00:00:00', '2015-04-10 00:12:56'),
(128, 2, 27, 6122, 1, '2015-04-09 13:54:27', 0, 0, '00:00:00', '00:00:00', '2015-04-10 00:12:56'),
(129, 1, 3, 6126, 1, '2015-04-09 14:06:12', 0, 0, '00:00:00', '00:00:00', '2015-04-10 00:12:56'),
(130, 2, 33, 6126, 1, '2015-04-09 14:06:12', 0, 0, '00:00:00', '00:00:00', '2015-04-10 00:12:56'),
(131, 1, 5, 6111, 1, '2015-04-09 14:07:21', 0, 0, '00:00:00', '00:00:00', '2015-04-10 00:12:56'),
(132, 2, 17, 6111, 1, '2015-04-09 14:07:21', 0, 0, '00:00:00', '00:00:00', '2015-04-10 00:12:56'),
(133, 1, 4, 6110, 1, '2015-04-09 14:13:10', 0, 0, '00:00:00', '00:00:00', '2015-04-10 00:12:56'),
(134, 2, 16, 6110, 1, '2015-04-09 14:13:10', 0, 0, '00:00:00', '00:00:00', '2015-04-10 00:12:56'),
(135, 1, 1, 6113, 1, '2015-04-09 14:19:31', 0, 0, '00:00:00', '00:00:00', '2015-04-10 00:12:56'),
(136, 2, 19, 6113, 1, '2015-04-09 14:19:31', 0, 0, '00:00:00', '00:00:00', '2015-04-10 00:12:56'),
(137, 1, 4, 6117, 1, '2015-04-09 14:22:02', 0, 0, '00:00:00', '00:00:00', '2015-04-10 00:12:56'),
(138, 2, 22, 6117, 1, '2015-04-09 14:22:02', 0, 0, '00:00:00', '00:00:00', '2015-04-10 00:12:56'),
(139, 1, 2, 6121, 1, '2015-04-09 14:22:56', 0, 0, '00:00:00', '00:00:00', '2015-04-10 00:12:56'),
(140, 2, 26, 6121, 1, '2015-04-09 14:22:56', 0, 0, '00:00:00', '00:00:00', '2015-04-10 00:12:56'),
(141, 1, 6, 6105, 1, '2015-04-09 14:23:24', 0, 0, '00:00:00', '00:00:00', '2015-04-10 00:12:56'),
(142, 2, 12, 6105, 1, '2015-04-09 14:23:24', 0, 0, '00:00:00', '00:00:00', '2015-04-10 00:12:56'),
(143, 1, 2, 6108, 1, '2015-04-09 14:24:03', 0, 0, '00:00:00', '00:00:00', '2015-04-10 00:12:56'),
(144, 2, 14, 6108, 1, '2015-04-09 14:24:03', 0, 0, '00:00:00', '00:00:00', '2015-04-10 00:12:56'),
(145, 1, 1, 6120, 1, '2015-04-09 14:27:23', 0, 0, '00:00:00', '00:00:00', '2015-04-10 00:12:56'),
(146, 2, 25, 6120, 1, '2015-04-09 14:27:23', 0, 0, '00:00:00', '00:00:00', '2015-04-10 00:12:56'),
(147, 1, 2, 6125, 1, '2015-04-09 14:29:31', 0, 0, '00:00:00', '00:00:00', '2015-04-10 00:12:56'),
(148, 2, 32, 6125, 1, '2015-04-09 14:29:31', 0, 0, '00:00:00', '00:00:00', '2015-04-10 00:12:56'),
(149, 1, 5, 6104, 1, '2015-04-09 14:32:26', 0, 2, '00:02:26', '00:00:00', '2015-04-10 00:12:56'),
(150, 2, 11, 6104, 1, '2015-04-09 14:32:26', 0, 2, '00:02:26', '00:00:00', '2015-04-10 00:12:56'),
(151, 1, 5, 6124, 1, '2015-04-09 14:54:41', 0, 36, '00:24:41', '00:00:00', '2015-04-10 00:12:56'),
(152, 2, 29, 6124, 1, '2015-04-09 14:54:41', 0, 36, '00:24:41', '00:00:00', '2015-04-10 00:12:56'),
(153, 1, 6, 6119, 1, '2015-04-09 15:11:53', 0, 82, '00:41:53', '00:00:00', '2015-04-10 00:12:56'),
(154, 2, 24, 6119, 1, '2015-04-09 15:11:53', 0, 82, '00:41:53', '00:00:00', '2015-04-10 00:12:56'),
(155, 1, 1, 6106, 2, '2015-04-09 15:13:49', 0, 0, '00:00:00', '00:00:00', '2015-04-10 00:12:56'),
(156, 2, 13, 6106, 2, '2015-04-09 15:13:49', 0, 0, '00:00:00', '00:00:00', '2015-04-10 00:12:56'),
(157, 1, 5, 6118, 2, '2015-04-09 15:18:41', 0, 0, '00:00:00', '00:00:00', '2015-04-10 00:12:56'),
(158, 2, 23, 6118, 2, '2015-04-09 15:18:41', 0, 0, '00:00:00', '00:00:00', '2015-04-10 00:12:56'),
(159, 1, 2, 6101, 1, '2015-04-09 17:30:00', 0, 540, '03:00:00', '00:00:00', '2015-04-10 00:12:56'),
(160, 2, 8, 6101, 1, '2015-04-09 17:30:00', 0, 540, '03:00:00', '00:00:00', '2015-04-10 00:12:56'),
(161, 1, 3, 6102, 1, '2015-04-09 17:30:00', 0, 540, '03:00:00', '00:00:00', '2015-04-10 00:12:56'),
(162, 2, 9, 6102, 1, '2015-04-09 17:30:00', 0, 540, '03:00:00', '00:00:00', '2015-04-10 00:12:56'),
(163, 1, 4, 6103, 1, '2015-04-09 17:30:00', 0, 540, '03:00:00', '00:00:00', '2015-04-10 00:12:56'),
(164, 2, 10, 6103, 1, '2015-04-09 17:30:00', 0, 540, '03:00:00', '00:00:00', '2015-04-10 00:12:56'),
(165, 1, 6, 6112, 1, '2015-04-09 17:30:00', 0, 540, '03:00:00', '00:00:00', '2015-04-10 00:12:56'),
(166, 2, 18, 6112, 1, '2015-04-09 17:30:00', 0, 540, '03:00:00', '00:00:00', '2015-04-10 00:12:56'),
(167, 1, 2, 6121, 1, '2015-04-10 17:54:50', 0, 612, '03:24:50', '00:00:00', '2015-04-11 02:06:14'),
(168, 2, 26, 6121, 1, '2015-04-10 17:54:50', 0, 612, '03:24:50', '00:00:00', '2015-04-11 02:06:14'),
(169, 1, 1, 6100, 1, '2015-04-10 13:16:58', 0, 0, '00:00:00', '00:00:00', '2015-04-11 02:06:14'),
(170, 2, 7, 6100, 1, '2015-04-10 13:16:58', 0, 0, '00:00:00', '00:00:00', '2015-04-11 02:06:14'),
(171, 1, 3, 6122, 1, '2015-04-10 13:48:33', 0, 0, '00:00:00', '00:00:00', '2015-04-11 02:06:14'),
(172, 2, 27, 6122, 1, '2015-04-10 13:48:33', 0, 0, '00:00:00', '00:00:00', '2015-04-11 02:06:14'),
(173, 1, 1, 6120, 1, '2015-04-10 14:01:41', 0, 0, '00:00:00', '00:00:00', '2015-04-11 02:06:14'),
(174, 2, 25, 6120, 1, '2015-04-10 14:01:41', 0, 0, '00:00:00', '00:00:00', '2015-04-11 02:06:14'),
(175, 1, 3, 6126, 1, '2015-04-10 14:02:09', 0, 0, '00:00:00', '00:00:00', '2015-04-11 02:06:14'),
(176, 2, 33, 6126, 1, '2015-04-10 14:02:09', 0, 0, '00:00:00', '00:00:00', '2015-04-11 02:06:14'),
(177, 1, 2, 6108, 1, '2015-04-10 14:18:23', 0, 0, '00:00:00', '00:00:00', '2015-04-11 02:06:14'),
(178, 2, 14, 6108, 1, '2015-04-10 14:18:23', 0, 0, '00:00:00', '00:00:00', '2015-04-11 02:06:14'),
(179, 1, 1, 6113, 1, '2015-04-10 14:18:28', 0, 0, '00:00:00', '00:00:00', '2015-04-11 02:06:14'),
(180, 2, 19, 6113, 1, '2015-04-10 14:18:28', 0, 0, '00:00:00', '00:00:00', '2015-04-11 02:06:14'),
(181, 1, 2, 6125, 1, '2015-04-10 14:29:20', 0, 0, '00:00:00', '00:00:00', '2015-04-11 02:06:14'),
(182, 2, 32, 6125, 1, '2015-04-10 14:29:20', 0, 0, '00:00:00', '00:00:00', '2015-04-11 02:06:14'),
(183, 1, 5, 6111, 1, '2015-04-10 14:31:12', 0, 1, '00:01:12', '00:00:00', '2015-04-11 02:06:14'),
(184, 2, 17, 6111, 1, '2015-04-10 14:31:12', 0, 1, '00:01:12', '00:00:00', '2015-04-11 02:06:14'),
(185, 1, 4, 6117, 1, '2015-04-10 14:31:51', 0, 1, '00:01:51', '00:00:00', '2015-04-11 02:06:14'),
(186, 2, 22, 6117, 1, '2015-04-10 14:31:51', 0, 1, '00:01:51', '00:00:00', '2015-04-11 02:06:14'),
(187, 1, 6, 6105, 1, '2015-04-10 14:32:32', 0, 2, '00:02:32', '00:00:00', '2015-04-11 02:06:14'),
(188, 2, 12, 6105, 1, '2015-04-10 14:32:32', 0, 2, '00:02:32', '00:00:00', '2015-04-11 02:06:14'),
(189, 1, 4, 6110, 1, '2015-04-10 14:32:42', 0, 2, '00:02:42', '00:00:00', '2015-04-11 02:06:14'),
(190, 2, 16, 6110, 1, '2015-04-10 14:32:42', 0, 2, '00:02:42', '00:00:00', '2015-04-11 02:06:14'),
(191, 1, 5, 6104, 1, '2015-04-10 14:51:06', 0, 31.5, '00:21:06', '00:00:00', '2015-04-11 02:06:14'),
(192, 2, 11, 6104, 1, '2015-04-10 14:51:06', 0, 31.5, '00:21:06', '00:00:00', '2015-04-11 02:06:14'),
(193, 1, 6, 6119, 1, '2015-04-10 15:14:08', 0, 88, '00:44:08', '00:00:00', '2015-04-11 02:06:14'),
(194, 2, 24, 6119, 1, '2015-04-10 15:14:08', 0, 88, '00:44:08', '00:00:00', '2015-04-11 02:06:14'),
(195, 1, 5, 6118, 2, '2015-04-10 15:24:44', 0, 0, '00:00:00', '00:00:00', '2015-04-11 02:06:14'),
(196, 2, 23, 6118, 2, '2015-04-10 15:24:44', 0, 0, '00:00:00', '00:00:00', '2015-04-11 02:06:14'),
(197, 1, 1, 6106, 2, '2015-04-10 15:29:10', 0, 0, '00:00:00', '00:00:00', '2015-04-11 02:06:14'),
(198, 2, 13, 6106, 2, '2015-04-10 15:29:10', 0, 0, '00:00:00', '00:00:00', '2015-04-11 02:06:14'),
(199, 1, 2, 6101, 1, '2015-04-10 17:30:00', 0, 540, '03:00:00', '00:00:00', '2015-04-11 02:06:14'),
(200, 2, 8, 6101, 1, '2015-04-10 17:30:00', 0, 540, '03:00:00', '00:00:00', '2015-04-11 02:06:14'),
(201, 1, 3, 6102, 1, '2015-04-10 17:30:00', 0, 540, '03:00:00', '00:00:00', '2015-04-11 02:06:14'),
(202, 2, 9, 6102, 1, '2015-04-10 17:30:00', 0, 540, '03:00:00', '00:00:00', '2015-04-11 02:06:14'),
(203, 1, 4, 6103, 1, '2015-04-10 17:30:00', 0, 540, '03:00:00', '00:00:00', '2015-04-11 02:06:14'),
(204, 2, 10, 6103, 1, '2015-04-10 17:30:00', 0, 540, '03:00:00', '00:00:00', '2015-04-11 02:06:14'),
(205, 1, 6, 6112, 1, '2015-04-10 17:30:00', 0, 540, '03:00:00', '00:00:00', '2015-04-11 02:06:14'),
(206, 2, 18, 6112, 1, '2015-04-10 17:30:00', 0, 540, '03:00:00', '00:00:00', '2015-04-11 02:06:14'),
(207, 1, 5, 6124, 1, '2015-04-10 17:30:00', 0, 540, '03:00:00', '00:00:00', '2015-04-11 02:06:14'),
(208, 2, 29, 6124, 1, '2015-04-10 17:30:00', 0, 540, '03:00:00', '00:00:00', '2015-04-11 02:06:14');

-- --------------------------------------------------------

--
-- Table structure for table `permisos`
--

CREATE TABLE IF NOT EXISTS `permisos` (
  `id` int(10) unsigned NOT NULL AUTO_INCREMENT,
  `nombre` varchar(100) NOT NULL,
  `color` varchar(50) NOT NULL,
  PRIMARY KEY (`id`)
) ENGINE=MyISAM  DEFAULT CHARSET=latin1 AUTO_INCREMENT=5 ;

--
-- Dumping data for table `permisos`
--

INSERT INTO `permisos` (`id`, `nombre`, `color`) VALUES
(1, 'Junta', ''),
(3, 'Visita Cliente', ''),
(4, 'General', '');

-- --------------------------------------------------------

--
-- Table structure for table `permisosusuarios`
--

CREATE TABLE IF NOT EXISTS `permisosusuarios` (
  `id` int(11) NOT NULL AUTO_INCREMENT,
  `idPermiso` int(11) NOT NULL,
  `IdUsuario` int(11) NOT NULL,
  `fecha` date NOT NULL,
  `fechaCreacion` timestamp NOT NULL DEFAULT CURRENT_TIMESTAMP,
  PRIMARY KEY (`id`),
  KEY `idPermiso` (`idPermiso`),
  KEY `IdUsuario` (`IdUsuario`)
) ENGINE=MyISAM  DEFAULT CHARSET=utf8 COLLATE=utf8_unicode_ci AUTO_INCREMENT=21 ;

--
-- Dumping data for table `permisosusuarios`
--

INSERT INTO `permisosusuarios` (`id`, `idPermiso`, `IdUsuario`, `fecha`, `fechaCreacion`) VALUES
(11, 4, 6108, '2015-04-06', '2015-04-09 16:26:33'),
(12, 4, 6108, '2015-04-07', '2015-04-09 16:26:51'),
(13, 4, 6100, '2015-04-06', '2015-04-09 16:31:34'),
(14, 4, 6104, '2015-04-06', '2015-04-09 16:35:18'),
(15, 4, 6104, '2015-04-08', '2015-04-09 16:35:30'),
(16, 4, 6112, '2015-04-06', '2015-04-09 16:36:27'),
(17, 4, 6112, '2015-04-07', '2015-04-09 16:36:36'),
(18, 4, 6119, '2015-04-06', '2015-04-09 16:37:11'),
(19, 4, 6124, '2015-04-06', '2015-04-09 16:38:12'),
(20, 4, 6124, '2015-04-07', '2015-04-09 16:38:21');

-- --------------------------------------------------------

--
-- Table structure for table `usuarios`
--

CREATE TABLE IF NOT EXISTS `usuarios` (
  `id` int(10) unsigned NOT NULL AUTO_INCREMENT,
  `nombre` varchar(150) NOT NULL,
  `puesto` varchar(50) NOT NULL,
  `clasificacion` varchar(50) NOT NULL,
  `rutaFoto` varchar(250) NOT NULL,
  `sexo` varchar(1) NOT NULL,
  `complexion` varchar(50) NOT NULL,
  `idHorario` int(10) unsigned NOT NULL,
  `activo` tinyint(3) unsigned NOT NULL,
  `admin` tinyint(1) DEFAULT NULL,
  `usuario` varchar(20) NOT NULL,
  `password` varchar(20) NOT NULL,
  PRIMARY KEY (`id`),
  KEY `idHorario` (`idHorario`)
) ENGINE=MyISAM  DEFAULT CHARSET=latin1 AUTO_INCREMENT=6127 ;

--
-- Dumping data for table `usuarios`
--

INSERT INTO `usuarios` (`id`, `nombre`, `puesto`, `clasificacion`, `rutaFoto`, `sexo`, `complexion`, `idHorario`, `activo`, `admin`, `usuario`, `password`) VALUES
(6100, 'Leticia Flores', 'Misc', '', '', 'M', 'Delgado', 1, 1, 0, '', ''),
(6101, 'Benjamin Gonzalez', 'Sistemas', '', '', 'H', 'Gordo', 1, 1, 0, '', ''),
(6102, 'Hector Perez', 'Operaciones', '', '', 'H', 'Delgado', 1, 1, 0, '', ''),
(6103, 'Lizbeth Rojas', 'KAM', '', '', 'M', 'Delgado', 1, 1, 0, '', ''),
(6104, 'Carlos Martinez', 'KAM', '', '', 'H', 'Gordo', 1, 1, 0, '', ''),
(6105, 'Alvaar Andraka', 'KAM', '', '', 'H', 'Delgado', 1, 1, 0, '', ''),
(6106, 'Tania Flores', 'Recursos Humanos', '', '', 'M', 'Gordo', 2, 1, 0, '', ''),
(6108, 'Carlos Cejudo', 'Ventas', 'Ninguna', '', 'H', 'Delgado', 1, 0, 0, '', ''),
(6109, 'Juan Cardenas', 'Sistemas Android', 'Ninguna', '', 'H', 'Delgado', 1, 0, 0, '', ''),
(6110, 'Eduardo Irigoyen', 'Abogado', '', '', 'H', 'Delgado', 1, 1, 0, '', ''),
(6111, 'Aldo Alcantara', 'Sistemas Soporte', '', '', 'H', 'Delgado', 1, 1, 0, 'aldo', 'aldo'),
(6112, 'Gustavo Bastida', 'Misiones Especiales', '', '', 'H', 'Gordo', 1, 1, 0, '', ''),
(6113, 'Aldo Marañon Andrade', 'Sistemas PHP', 'xxx', '', 'H', 'Delgado', 1, 1, 1, 'aldo', 'aldoma'),
(6115, 'Abril Rodriguez', 'KAM', '', '', 'M', 'Delgado', 1, 0, 0, '', ''),
(6116, 'Mayra Cardenas', 'Apoyos', '', '', 'M', 'Delgado', 1, 0, 0, '', ''),
(6117, 'Angelica Melchor', 'Recursos Humanos', '', '', 'M', 'Delgado', 1, 1, 0, '', ''),
(6118, 'Marco Gutierrez', 'Sistemas JAVA', '', '', 'H', 'Delgado', 2, 1, 0, 'marco', 'satanicboy'),
(6119, 'Patricia Blanco', 'KAM', '', '', 'M', 'Delgado', 1, 1, 0, '', ''),
(6120, 'Omar Jaimes', 'Sistemas Soporte', '', '', 'H', 'Delgado', 1, 1, 1, 'omar', 'omar'),
(6121, 'Carolina Acipreste', 'KAM', '', '', 'M', 'Delgado', 1, 1, 0, '', ''),
(6122, 'Fernando Delgadillo', 'KAM', '', '', 'H', 'Delgado', 1, 1, 0, '', ''),
(6124, 'Rene Leon', 'Misiones Especiales', '', '', 'H', 'Gordo', 1, 1, 0, '', ''),
(6123, 'John Collins', 'KAM', '', '', 'H', 'Delgado', 1, 0, 0, '', ''),
(6125, 'Erik Sandoval', 'KAM', '', '', 'H', 'Gordo', 1, 1, 0, '', ''),
(6126, 'Brenda Rodríguez', 'KAM', '', '', 'M', 'Delgada', 1, 1, 0, '', '');

-- --------------------------------------------------------

--
-- Table structure for table `usuariosgifs`
--

CREATE TABLE IF NOT EXISTS `usuariosgifs` (
  `id` int(10) unsigned NOT NULL AUTO_INCREMENT,
  `idUsuario` int(10) unsigned NOT NULL,
  `rutaGif` varchar(250) NOT NULL,
  `categoria` varchar(100) NOT NULL,
  PRIMARY KEY (`id`),
  KEY `idUsuario` (`idUsuario`)
) ENGINE=MyISAM  DEFAULT CHARSET=latin1 AUTO_INCREMENT=24 ;

--
-- Dumping data for table `usuariosgifs`
--

INSERT INTO `usuariosgifs` (`id`, `idUsuario`, `rutaGif`, `categoria`) VALUES
(1, 6100, '', ''),
(2, 6101, '', ''),
(3, 6102, '', ''),
(4, 6103, '', ''),
(5, 6104, '', ''),
(6, 6105, '', ''),
(7, 6106, '', ''),
(8, 6108, '', ''),
(9, 6109, '', ''),
(10, 6110, '', ''),
(11, 6111, '', ''),
(12, 6112, '', ''),
(13, 6113, '', ''),
(14, 6115, '', ''),
(15, 6116, '', ''),
(16, 6117, '', ''),
(17, 6118, '', ''),
(18, 6119, '', ''),
(19, 6120, '', ''),
(20, 6121, '', ''),
(21, 6122, '', ''),
(22, 6123, '', ''),
(23, 6124, '', '');

/*!40101 SET CHARACTER_SET_CLIENT=@OLD_CHARACTER_SET_CLIENT */;
/*!40101 SET CHARACTER_SET_RESULTS=@OLD_CHARACTER_SET_RESULTS */;
/*!40101 SET COLLATION_CONNECTION=@OLD_COLLATION_CONNECTION */;
